Fecha,Hora,Zona de Carga,Precio Zonal  ($/MWh),Componente energia  ($/MWh),Componente perdidas  ($/MWh),Componente Congestion  ($/MWh)
7/16/19,1,CONSTITUCION,4880.31,5054.76,-174.45,0
7/16/19,2,CONSTITUCION,4719.61,4914.43,-194.82,0
7/16/19,3,CONSTITUCION,4357,4568.51,-211.51,0
7/16/19,4,CONSTITUCION,4143.89,4361.78,-217.89,0
7/16/19,5,CONSTITUCION,4534.84,4544.33,-9.5,0
7/16/19,6,CONSTITUCION,4486.54,4508.62,-22.08,0
7/16/19,7,CONSTITUCION,4339.78,4369.55,-29.77,0
7/16/19,8,CONSTITUCION,4334.74,4350.02,-15.29,0
7/16/19,9,CONSTITUCION,4361.68,4362.67,-0.99,0
7/16/19,10,CONSTITUCION,4167.85,4359.63,-191.78,0
7/16/19,11,CONSTITUCION,4165.63,4353.32,-187.69,0
7/16/19,12,CONSTITUCION,4168.78,4352.42,-183.64,0
7/16/19,13,CONSTITUCION,4232.05,4396.05,-164.01,0
7/16/19,14,CONSTITUCION,4473.28,4620.47,-147.18,0
7/16/19,15,CONSTITUCION,4680.74,4780.44,-99.7,0
7/16/19,16,CONSTITUCION,4779.61,4843.91,-64.3,0
7/16/19,17,CONSTITUCION,4870.91,4923.57,-52.66,0
7/16/19,18,CONSTITUCION,4870.56,4923.44,-52.88,0
7/16/19,19,CONSTITUCION,4940.12,5034.67,-94.55,0
7/16/19,20,CONSTITUCION,4627.56,4764.09,-136.53,0
7/16/19,21,CONSTITUCION,4636.24,4769.38,-133.14,0
7/16/19,22,CONSTITUCION,4921.19,5039.61,-118.42,0
7/16/19,23,CONSTITUCION,4990.93,5104.02,-113.09,0
7/16/19,24,CONSTITUCION,4927.92,5059.44,-131.51,0
7/16/19,1,LA PAZ,5125.82,5054.76,71.06,0
7/16/19,2,LA PAZ,4976.53,4914.43,62.1,0
7/16/19,3,LA PAZ,4614.81,4568.51,46.3,0
7/16/19,4,LA PAZ,4398.91,4361.78,37.13,0
7/16/19,5,LA PAZ,4594.39,4544.34,50.05,0
7/16/19,6,LA PAZ,4552.1,4508.61,43.48,0
7/16/19,7,LA PAZ,4405.68,4369.55,36.13,0
7/16/19,8,LA PAZ,4380.59,4350.02,30.56,0
7/16/19,9,LA PAZ,4397.08,4362.67,34.4,0
7/16/19,10,LA PAZ,4377.54,4359.63,17.91,0
7/16/19,11,LA PAZ,4372.18,4353.32,18.86,0
7/16/19,12,LA PAZ,4374.99,4352.42,22.56,0
7/16/19,13,LA PAZ,4426.55,4396.05,30.5,0
7/16/19,14,LA PAZ,4662.09,4620.47,41.63,0
7/16/19,15,LA PAZ,4840.43,4780.44,59.99,0
7/16/19,16,LA PAZ,4920.63,4843.91,76.72,0
7/16/19,17,LA PAZ,5008.02,4923.57,84.45,0
7/16/19,18,LA PAZ,5007.97,4923.44,84.53,0
7/16/19,19,LA PAZ,5115.31,5034.67,80.65,0
7/16/19,20,LA PAZ,4827.25,4764.09,63.16,0
7/16/19,21,LA PAZ,4829.15,4769.38,59.77,0
7/16/19,22,LA PAZ,5108.9,5039.61,69.29,0
7/16/19,23,LA PAZ,5180.52,5104.02,76.5,0
7/16/19,24,LA PAZ,5133.54,5059.44,74.1,0
7/16/19,1,LOS CABOS,5249.96,5054.76,195.21,0
7/16/19,2,LOS CABOS,5106.84,4914.43,192.41,0
7/16/19,3,LOS CABOS,4760.53,4568.51,192.02,0
7/16/19,4,LOS CABOS,4550.78,4361.78,189,0
7/16/19,5,LOS CABOS,4719.27,4544.34,174.94,0
7/16/19,6,LOS CABOS,4688.74,4508.61,180.13,0
7/16/19,7,LOS CABOS,4550.55,4369.55,181,0
7/16/19,8,LOS CABOS,4530.2,4350.02,180.18,0
7/16/19,9,LOS CABOS,4542.83,4362.67,180.16,0
7/16/19,10,LOS CABOS,4553.7,4359.63,194.07,0
7/16/19,11,LOS CABOS,4555.72,4353.32,202.4,0
7/16/19,12,LOS CABOS,4555.41,4352.42,202.98,0
7/16/19,13,LOS CABOS,4601.2,4396.05,205.15,0
7/16/19,14,LOS CABOS,4823.21,4620.47,202.74,0
7/16/19,15,LOS CABOS,4972.3,4780.44,191.86,0
7/16/19,16,LOS CABOS,5041.69,4843.91,197.78,0
7/16/19,17,LOS CABOS,5120.8,4923.57,197.23,0
7/16/19,18,LOS CABOS,5119.9,4923.44,196.46,0
7/16/19,19,LOS CABOS,5218.61,5034.67,183.95,0
7/16/19,20,LOS CABOS,4943.78,4764.09,179.69,0
7/16/19,21,LOS CABOS,4955.01,4769.38,185.63,0
7/16/19,22,LOS CABOS,5231.86,5039.61,192.25,0
7/16/19,23,LOS CABOS,5292.84,5104.02,188.82,0
7/16/19,24,LOS CABOS,5248.02,5059.44,188.58,0
7/17/19,1,CONSTITUCION,4648.8,4803.93,-155.13,0
7/17/19,2,CONSTITUCION,4464.35,4640.16,-175.81,0
7/17/19,3,CONSTITUCION,4188.54,4364.16,-175.62,0
7/17/19,4,CONSTITUCION,4677.07,4635.74,41.34,0
7/17/19,5,CONSTITUCION,4546.04,4525.31,20.73,0
7/17/19,6,CONSTITUCION,4400.96,4396.6,4.36,0
7/17/19,7,CONSTITUCION,4070.34,4082.29,-11.95,0
7/17/19,8,CONSTITUCION,2496.17,2505.2,-9.03,0
7/17/19,9,CONSTITUCION,2585.31,2577.61,7.7,0
7/17/19,10,CONSTITUCION,4055.92,4033.32,22.6,0
7/17/19,11,CONSTITUCION,2724.22,2698.95,25.27,0
7/17/19,12,CONSTITUCION,2670.5,2639.29,31.21,0
7/17/19,13,CONSTITUCION,2733.69,2698.53,35.16,0
7/17/19,14,CONSTITUCION,4262.24,4180.61,81.63,0
7/17/19,15,CONSTITUCION,4296.7,4187.96,108.74,0
7/17/19,16,CONSTITUCION,3833.57,3876.04,-42.48,0
7/17/19,17,CONSTITUCION,4260.34,4316.01,-55.67,0
7/17/19,18,CONSTITUCION,4339.56,4393.94,-54.38,0
7/17/19,19,CONSTITUCION,4322.68,4410.52,-87.83,0
7/17/19,20,CONSTITUCION,4097.87,4200.3,-102.43,0
7/17/19,21,CONSTITUCION,4085.84,4199.12,-113.29,0
7/17/19,22,CONSTITUCION,4212.14,4329.24,-117.1,0
7/17/19,23,CONSTITUCION,4371.71,4485.9,-114.19,0
7/17/19,24,CONSTITUCION,4268.12,4378.67,-110.55,0
7/17/19,1,LA PAZ,4870.37,4803.93,66.44,0
7/17/19,2,LA PAZ,4695.44,4640.16,55.28,0
7/17/19,3,LA PAZ,4408.66,4364.16,44.51,0
7/17/19,4,LA PAZ,4695.85,4635.74,60.11,0
7/17/19,5,LA PAZ,4583.27,4525.31,57.96,0
7/17/19,6,LA PAZ,4448.26,4396.6,51.66,0
7/17/19,7,LA PAZ,4119.66,4082.29,37.37,0
7/17/19,8,LA PAZ,2525.06,2505.2,19.86,0
7/17/19,9,LA PAZ,2593.84,2577.61,16.23,0
7/17/19,10,LA PAZ,4053.81,4033.32,20.49,0
7/17/19,11,LA PAZ,2713.25,2698.95,14.3,0
7/17/19,12,LA PAZ,2655.4,2639.29,16.11,0
7/17/19,13,LA PAZ,2715.56,2698.53,17.03,0
7/17/19,14,LA PAZ,4209.54,4180.61,28.94,0
7/17/19,15,LA PAZ,4221.73,4187.96,33.77,0
7/17/19,16,LA PAZ,3905.04,3876.05,28.99,0
7/17/19,17,LA PAZ,4357.06,4316.01,41.05,0
7/17/19,18,LA PAZ,4443.82,4393.95,49.88,0
7/17/19,19,LA PAZ,4458.65,4410.52,48.13,0
7/17/19,20,LA PAZ,4236.75,4200.3,36.45,0
7/17/19,21,LA PAZ,4232.45,4199.12,33.33,0
7/17/19,22,LA PAZ,4366.88,4329.24,37.64,0
7/17/19,23,LA PAZ,4531.85,4485.9,45.95,0
7/17/19,24,LA PAZ,4420.97,4378.67,42.3,0
7/17/19,1,LOS CABOS,4984.6,4803.93,180.67,0
7/17/19,2,LOS CABOS,4823.8,4640.16,183.64,0
7/17/19,3,LOS CABOS,4545,4364.16,180.84,0
7/17/19,4,LOS CABOS,4800.07,4635.74,164.33,0
7/17/19,5,LOS CABOS,4682.61,4525.31,157.3,0
7/17/19,6,LOS CABOS,4555.27,4396.6,158.67,0
7/17/19,7,LOS CABOS,4235.57,4082.29,153.28,0
7/17/19,8,LOS CABOS,2602.9,2505.2,97.7,0
7/17/19,9,LOS CABOS,2685.92,2577.61,108.32,0
7/17/19,10,LOS CABOS,4219.02,4033.32,185.7,0
7/17/19,11,LOS CABOS,2829.95,2698.95,131,0
7/17/19,12,LOS CABOS,2769.59,2639.29,130.3,0
7/17/19,13,LOS CABOS,2832.91,2698.53,134.38,0
7/17/19,14,LOS CABOS,4383.15,4180.61,202.55,0
7/17/19,15,LOS CABOS,4395.53,4187.96,207.57,0
7/17/19,16,LOS CABOS,4080.14,3876.05,204.1,0
7/17/19,17,LOS CABOS,4535.11,4316.01,219.1,0
7/17/19,18,LOS CABOS,4601.74,4393.95,207.79,0
7/17/19,19,LOS CABOS,4610.07,4410.52,199.56,0
7/17/19,20,LOS CABOS,4395.57,4200.3,195.27,0
7/17/19,21,LOS CABOS,4398.65,4199.12,199.53,0
7/17/19,22,LOS CABOS,4531.11,4329.24,201.87,0
7/17/19,23,LOS CABOS,4689.41,4485.9,203.5,0
7/17/19,24,LOS CABOS,4578.19,4378.67,199.52,0
7/18/19,1,CONSTITUCION,4811.65,4704.12,107.53,0
7/18/19,2,CONSTITUCION,4539.17,4467.57,71.59,0
7/18/19,3,CONSTITUCION,4386.48,4343.16,43.33,0
7/18/19,4,CONSTITUCION,4143.9,4123.66,20.25,0
7/18/19,5,CONSTITUCION,3991.01,3992.04,-1.03,0
7/18/19,6,CONSTITUCION,3756.39,3767.91,-11.52,0
7/18/19,7,CONSTITUCION,2559.77,2572.2,-12.43,0
7/18/19,8,CONSTITUCION,2587.41,2601.26,-13.85,0
7/18/19,9,CONSTITUCION,3975.94,3965.23,10.71,0
7/18/19,10,CONSTITUCION,3974.07,3942.97,31.1,0
7/18/19,11,CONSTITUCION,4224.51,4169.34,55.17,0
7/18/19,12,CONSTITUCION,3990.08,3941.63,48.46,0
7/18/19,13,CONSTITUCION,4021.67,3947.59,74.08,0
7/18/19,14,CONSTITUCION,4703.64,4605.29,98.34,0
7/18/19,15,CONSTITUCION,4529.7,4395.26,134.45,0
7/18/19,16,CONSTITUCION,4217.96,4272.77,-54.81,0
7/18/19,17,CONSTITUCION,4481.69,4532.63,-50.94,0
7/18/19,18,CONSTITUCION,4708.32,4761.22,-52.9,0
7/18/19,19,CONSTITUCION,4678.98,4768.49,-89.5,0
7/18/19,20,CONSTITUCION,4246.28,4382.25,-135.97,0
7/18/19,21,CONSTITUCION,4214.3,4348.58,-134.28,0
7/18/19,22,CONSTITUCION,4431.26,4544.51,-113.25,0
7/18/19,23,CONSTITUCION,4613.13,4719.45,-106.32,0
7/18/19,24,CONSTITUCION,4520.09,4628.71,-108.62,0
7/18/19,1,LA PAZ,4763.7,4704.12,59.58,0
7/18/19,2,LA PAZ,4515.7,4467.57,48.13,0
7/18/19,3,LA PAZ,4381.49,4343.16,38.34,0
7/18/19,4,LA PAZ,4151.88,4123.66,28.22,0
7/18/19,5,LA PAZ,4010.89,3992.04,18.84,0
7/18/19,6,LA PAZ,3785.27,3767.91,17.37,0
7/18/19,7,LA PAZ,2583.86,2572.2,11.66,0
7/18/19,8,LA PAZ,2608.39,2601.26,7.13,0
7/18/19,9,LA PAZ,3973.54,3965.23,8.31,0
7/18/19,10,LA PAZ,3954.13,3942.97,11.16,0
7/18/19,11,LA PAZ,4185.06,4169.34,15.73,0
7/18/19,12,LA PAZ,3958.9,3941.63,17.28,0
7/18/19,13,LA PAZ,3969.73,3947.59,22.14,0
7/18/19,14,LA PAZ,4650.21,4605.29,44.92,0
7/18/19,15,LA PAZ,4442.82,4395.26,47.56,0
7/18/19,16,LA PAZ,4316.91,4272.77,44.15,0
7/18/19,17,LA PAZ,4591.06,4532.63,58.43,0
7/18/19,18,LA PAZ,4830.1,4761.22,68.88,0
7/18/19,19,LA PAZ,4835.43,4768.48,66.95,0
7/18/19,20,LA PAZ,4429.11,4382.25,46.86,0
7/18/19,21,LA PAZ,4389.26,4348.58,40.68,0
7/18/19,22,LA PAZ,4591.39,4544.51,46.87,0
7/18/19,23,LA PAZ,4775.66,4719.45,56.21,0
7/18/19,24,LA PAZ,4682.35,4628.71,53.64,0
7/18/19,1,LOS CABOS,4888.13,4704.12,184.01,0
7/18/19,2,LOS CABOS,4651.73,4467.57,184.16,0
7/18/19,3,LOS CABOS,4530.86,4343.16,187.71,0
7/18/19,4,LOS CABOS,4301,4123.66,177.35,0
7/18/19,5,LOS CABOS,4173.65,3992.04,181.6,0
7/18/19,6,LOS CABOS,3939.26,3767.91,171.36,0
7/18/19,7,LOS CABOS,2687.84,2572.2,115.64,0
7/18/19,8,LOS CABOS,2724.18,2601.26,122.92,0
7/18/19,9,LOS CABOS,4156.43,3965.23,191.19,0
7/18/19,10,LOS CABOS,4151.14,3942.97,208.17,0
7/18/19,11,LOS CABOS,4395.66,4169.34,226.32,0
7/18/19,12,LOS CABOS,4159.03,3941.62,217.4,0
7/18/19,13,LOS CABOS,4164.48,3947.59,216.89,0
7/18/19,14,LOS CABOS,4843.62,4605.29,238.33,0
7/18/19,15,LOS CABOS,4613.36,4395.26,218.1,0
7/18/19,16,LOS CABOS,4493.97,4272.77,221.21,0
7/18/19,17,LOS CABOS,4749.21,4532.63,216.58,0
7/18/19,18,LOS CABOS,4969.27,4761.22,208.05,0
7/18/19,19,LOS CABOS,4969.04,4768.49,200.55,0
7/18/19,20,LOS CABOS,4574.51,4382.25,192.25,0
7/18/19,21,LOS CABOS,4545.12,4348.58,196.54,0
7/18/19,22,LOS CABOS,4745.71,4544.51,201.2,0
7/18/19,23,LOS CABOS,4921.09,4719.45,201.64,0
7/18/19,24,LOS CABOS,4827.28,4628.71,198.57,0
7/19/19,1,CONSTITUCION,4949.64,4826.92,122.72,0
7/19/19,2,CONSTITUCION,4649.02,4555.42,93.6,0
7/19/19,3,CONSTITUCION,4453.17,4392.18,60.99,0
7/19/19,4,CONSTITUCION,4284.54,4252.02,32.53,0
7/19/19,5,CONSTITUCION,4277.17,4253.53,23.64,0
7/19/19,6,CONSTITUCION,4006.04,3998.73,7.31,0
7/19/19,7,CONSTITUCION,2599.81,2609.34,-9.53,0
7/19/19,8,CONSTITUCION,2534.59,2543.51,-8.93,0
7/19/19,9,CONSTITUCION,3513.46,3506.82,6.64,0
7/19/19,10,CONSTITUCION,3501.93,3474.29,27.64,0
7/19/19,11,CONSTITUCION,4212.56,4169.37,43.2,0
7/19/19,12,CONSTITUCION,4317.47,4254.74,62.74,0
7/19/19,13,CONSTITUCION,4422.28,4352.69,69.6,0
7/19/19,14,CONSTITUCION,4489.04,4387.19,101.85,0
7/19/19,15,CONSTITUCION,4840.16,4695.89,144.27,0
7/19/19,16,CONSTITUCION,4503.06,4574.42,-71.36,0
7/19/19,17,CONSTITUCION,4665.73,4728.69,-62.96,0
7/19/19,18,CONSTITUCION,4807.9,4875.16,-67.26,0
7/19/19,19,CONSTITUCION,4790.79,4882.11,-91.32,0
7/19/19,20,CONSTITUCION,4458.79,4590,-131.2,0
7/19/19,21,CONSTITUCION,4549.93,4688.78,-138.85,0
7/19/19,22,CONSTITUCION,4680.66,4802.58,-121.92,0
7/19/19,23,CONSTITUCION,4796.51,4922.41,-125.9,0
7/19/19,24,CONSTITUCION,4723.09,4854.84,-131.75,0
7/19/19,1,LA PAZ,4894.95,4826.92,68.03,0
7/19/19,2,LA PAZ,4611.33,4555.42,55.91,0
7/19/19,3,LA PAZ,4434.95,4392.18,42.77,0
7/19/19,4,LA PAZ,4285.05,4252.02,33.04,0
7/19/19,5,LA PAZ,4288.68,4253.53,35.15,0
7/19/19,6,LA PAZ,4023.91,3998.73,25.18,0
7/19/19,7,LA PAZ,2623.51,2609.34,14.17,0
7/19/19,8,LA PAZ,2556.26,2543.51,12.75,0
7/19/19,9,LA PAZ,3522.23,3506.82,15.41,0
7/19/19,10,LA PAZ,3486.98,3474.29,12.68,0
7/19/19,11,LA PAZ,4184.25,4169.37,14.89,0
7/19/19,12,LA PAZ,4282.88,4254.74,28.14,0
7/19/19,13,LA PAZ,4385.59,4352.69,32.9,0
7/19/19,14,LA PAZ,4425.68,4387.19,38.49,0
7/19/19,15,LA PAZ,4747.69,4695.89,51.8,0
7/19/19,16,LA PAZ,4620.31,4574.42,45.9,0
7/19/19,17,LA PAZ,4788.62,4728.69,59.93,0
7/19/19,18,LA PAZ,4941.92,4875.16,66.76,0
7/19/19,19,LA PAZ,4946.14,4882.11,64.03,0
7/19/19,20,LA PAZ,4641.03,4590,51.04,0
7/19/19,21,LA PAZ,4737.73,4688.78,48.95,0
7/19/19,22,LA PAZ,4856.91,4802.58,54.32,0
7/19/19,23,LA PAZ,4980.61,4922.41,58.2,0
7/19/19,24,LA PAZ,4913.32,4854.84,58.49,0
7/19/19,1,LOS CABOS,5006.93,4826.92,180.01,0
7/19/19,2,LOS CABOS,4733.73,4555.42,178.31,0
7/19/19,3,LOS CABOS,4575.75,4392.18,183.57,0
7/19/19,4,LOS CABOS,4434.41,4252.02,182.39,0
7/19/19,5,LOS CABOS,4431.24,4253.53,177.72,0
7/19/19,6,LOS CABOS,4167.2,3998.73,168.47,0
7/19/19,7,LOS CABOS,2722.02,2609.34,112.68,0
7/19/19,8,LOS CABOS,2653.63,2543.52,110.11,0
7/19/19,9,LOS CABOS,3669.48,3506.82,162.66,0
7/19/19,10,LOS CABOS,3652.9,3474.29,178.6,0
7/19/19,11,LOS CABOS,4392.94,4169.37,223.57,0
7/19/19,12,LOS CABOS,4471.21,4254.74,216.47,0
7/19/19,13,LOS CABOS,4573.4,4352.69,220.71,0
7/19/19,14,LOS CABOS,4605.93,4387.19,218.75,0
7/19/19,15,LOS CABOS,4918.08,4695.89,222.2,0
7/19/19,16,LOS CABOS,4803.71,4574.42,229.29,0
7/19/19,17,LOS CABOS,4948.26,4728.69,219.57,0
7/19/19,18,LOS CABOS,5087.37,4875.16,212.21,0
7/19/19,19,LOS CABOS,5086.69,4882.1,204.59,0
7/19/19,20,LOS CABOS,4785.86,4590,195.86,0
7/19/19,21,LOS CABOS,4893.45,4688.78,204.67,0
7/19/19,22,LOS CABOS,5010.01,4802.59,207.43,0
7/19/19,23,LOS CABOS,5131.04,4922.41,208.63,0
7/19/19,24,LOS CABOS,5058.3,4854.84,203.47,0
7/20/19,1,CONSTITUCION,4783.13,4944.52,-161.39,0
7/20/19,2,CONSTITUCION,4544.53,4722.49,-177.97,0
7/20/19,3,CONSTITUCION,4824.72,4818.04,6.69,0
7/20/19,4,CONSTITUCION,4644.36,4661.08,-16.72,0
7/20/19,5,CONSTITUCION,4369.65,4392.93,-23.28,0
7/20/19,6,CONSTITUCION,4944.52,4730.32,214.21,0
7/20/19,7,CONSTITUCION,4645.07,4473.04,172.03,0
7/20/19,8,CONSTITUCION,4376.73,4234.18,142.55,0
7/20/19,9,CONSTITUCION,3946.1,3958.63,-12.53,0
7/20/19,10,CONSTITUCION,4232.4,4220.9,11.5,0
7/20/19,11,CONSTITUCION,4282.98,4273.95,9.04,0
7/20/19,12,CONSTITUCION,4345.94,4331.92,14.02,0
7/20/19,13,CONSTITUCION,4226.43,4205.86,20.56,0
7/20/19,14,CONSTITUCION,4376.03,4335.66,40.38,0
7/20/19,15,CONSTITUCION,4399.86,4339.83,60.03,0
7/20/19,16,CONSTITUCION,4055.49,4210.57,-155.08,0
7/20/19,17,CONSTITUCION,4314.27,4464.35,-150.08,0
7/20/19,18,CONSTITUCION,4410.32,4559.26,-148.94,0
7/20/19,19,CONSTITUCION,4422.11,4595.63,-173.52,0
7/20/19,20,CONSTITUCION,4320.93,4517.6,-196.67,0
7/20/19,21,CONSTITUCION,4387.11,4583.52,-196.41,0
7/20/19,22,CONSTITUCION,4433.89,4612.22,-178.33,0
7/20/19,23,CONSTITUCION,4351.82,4527.72,-175.9,0
7/20/19,24,CONSTITUCION,4221.27,4403.24,-181.98,0
7/20/19,1,LA PAZ,4997.35,4944.52,52.83,0
7/20/19,2,LA PAZ,4766.51,4722.49,44.01,0
7/20/19,3,LA PAZ,4869.78,4818.04,51.75,0
7/20/19,4,LA PAZ,4701.65,4661.08,40.57,0
7/20/19,5,LA PAZ,4425.07,4392.93,32.14,0
7/20/19,6,LA PAZ,4777.63,4730.32,47.31,0
7/20/19,7,LA PAZ,4508.99,4473.04,35.96,0
7/20/19,8,LA PAZ,4259.73,4234.18,25.56,0
7/20/19,9,LA PAZ,3968.02,3958.64,9.39,0
7/20/19,10,LA PAZ,4232.57,4220.9,11.66,0
7/20/19,11,LA PAZ,4284.5,4273.95,10.55,0
7/20/19,12,LA PAZ,4344.13,4331.92,12.21,0
7/20/19,13,LA PAZ,4218.84,4205.86,12.97,0
7/20/19,14,LA PAZ,4356.08,4335.66,20.42,0
7/20/19,15,LA PAZ,4366.5,4339.83,26.66,0
7/20/19,16,LA PAZ,4228.32,4210.57,17.75,0
7/20/19,17,LA PAZ,4494.62,4464.35,30.28,0
7/20/19,18,LA PAZ,4597.61,4559.26,38.35,0
7/20/19,19,LA PAZ,4636.59,4595.63,40.97,0
7/20/19,20,LA PAZ,4554.26,4517.6,36.66,0
7/20/19,21,LA PAZ,4621.23,4583.52,37.71,0
7/20/19,22,LA PAZ,4651.35,4612.22,39.13,0
7/20/19,23,LA PAZ,4566.33,4527.72,38.62,0
7/20/19,24,LA PAZ,4438.3,4403.24,35.06,0
7/20/19,1,LOS CABOS,5129.06,4944.52,184.54,0
7/20/19,2,LOS CABOS,4903.52,4722.49,181.02,0
7/20/19,3,LOS CABOS,4985.26,4818.04,167.23,0
7/20/19,4,LOS CABOS,4833.27,4661.08,172.19,0
7/20/19,5,LOS CABOS,4561.93,4392.93,169,0
7/20/19,6,LOS CABOS,4886.22,4730.32,155.9,0
7/20/19,7,LOS CABOS,4631.54,4473.04,158.5,0
7/20/19,8,LOS CABOS,4394.48,4234.18,160.3,0
7/20/19,9,LOS CABOS,4127.25,3958.64,168.61,0
7/20/19,10,LOS CABOS,4409.93,4220.9,189.03,0
7/20/19,11,LOS CABOS,4472.97,4273.95,199.02,0
7/20/19,12,LOS CABOS,4535.51,4331.92,203.59,0
7/20/19,13,LOS CABOS,4406.57,4205.86,200.71,0
7/20/19,14,LOS CABOS,4537.64,4335.66,201.98,0
7/20/19,15,LOS CABOS,4538.74,4339.83,198.9,0
7/20/19,16,LOS CABOS,4415.45,4210.57,204.88,0
7/20/19,17,LOS CABOS,4669.63,4464.35,205.29,0
7/20/19,18,LOS CABOS,4749.54,4559.26,190.28,0
7/20/19,19,LOS CABOS,4778,4595.63,182.37,0
7/20/19,20,LOS CABOS,4696.04,4517.6,178.44,0
7/20/19,21,LOS CABOS,4765.47,4583.51,181.95,0
7/20/19,22,LOS CABOS,4794.05,4612.22,181.83,0
7/20/19,23,LOS CABOS,4707.07,4527.72,179.36,0
7/20/19,24,LOS CABOS,4578.95,4403.24,175.7,0
7/21/19,1,CONSTITUCION,4310.76,4505.7,-194.94,0
7/21/19,2,CONSTITUCION,4037.15,4219.96,-182.81,0
7/21/19,3,CONSTITUCION,4389.28,4392.94,-3.66,0
7/21/19,4,CONSTITUCION,4176.86,4201.26,-24.4,0
7/21/19,5,CONSTITUCION,4178.09,4213.51,-35.42,0
7/21/19,6,CONSTITUCION,3909.26,3967.82,-58.56,0
7/21/19,7,CONSTITUCION,3672.05,3741.19,-69.14,0
7/21/19,8,CONSTITUCION,2446.68,2488.61,-41.93,0
7/21/19,9,CONSTITUCION,2444.41,2482.62,-38.21,0
7/21/19,10,CONSTITUCION,2500.01,2533.83,-33.82,0
7/21/19,11,CONSTITUCION,2482.89,2510.2,-27.31,0
7/21/19,12,CONSTITUCION,2458.76,2480.19,-21.43,0
7/21/19,13,CONSTITUCION,2466.23,2486.65,-20.42,0
7/21/19,14,CONSTITUCION,3783.94,3799.46,-15.53,0
7/21/19,15,CONSTITUCION,4091.87,4082.85,9.02,0
7/21/19,16,CONSTITUCION,4602.88,4551.53,51.35,0
7/21/19,17,CONSTITUCION,4534.41,4486.31,48.09,0
7/21/19,18,CONSTITUCION,4014.94,4208.95,-194,0
7/21/19,19,CONSTITUCION,4225.27,4424.61,-199.34,0
7/21/19,20,CONSTITUCION,4307.54,4537.83,-230.29,0
7/21/19,21,CONSTITUCION,4573.95,4814.68,-240.73,0
7/21/19,22,CONSTITUCION,4894.23,5105.41,-211.18,0
7/21/19,23,CONSTITUCION,5046.75,5226.16,-179.41,0
7/21/19,24,CONSTITUCION,4925.22,5104.21,-179,0
7/21/19,1,LA PAZ,4537.58,4505.7,31.89,0
7/21/19,2,LA PAZ,4246.07,4219.96,26.12,0
7/21/19,3,LA PAZ,4427.39,4392.94,34.45,0
7/21/19,4,LA PAZ,4229.32,4201.26,28.06,0
7/21/19,5,LA PAZ,4236.14,4213.51,22.63,0
7/21/19,6,LA PAZ,3983.44,3967.82,15.62,0
7/21/19,7,LA PAZ,3754.79,3741.19,13.59,0
7/21/19,8,LA PAZ,2497.99,2488.61,9.37,0
7/21/19,9,LA PAZ,2489.69,2482.62,7.07,0
7/21/19,10,LA PAZ,2539.78,2533.83,5.94,0
7/21/19,11,LA PAZ,2516.56,2510.2,6.36,0
7/21/19,12,LA PAZ,2489.14,2480.19,8.95,0
7/21/19,13,LA PAZ,2496.27,2486.65,9.61,0
7/21/19,14,LA PAZ,3814.41,3799.46,14.94,0
7/21/19,15,LA PAZ,4101.18,4082.85,18.33,0
7/21/19,16,LA PAZ,4588.39,4551.53,36.86,0
7/21/19,17,LA PAZ,4525.28,4486.31,38.96,0
7/21/19,18,LA PAZ,4230.97,4208.94,22.03,0
7/21/19,19,LA PAZ,4453.17,4424.62,28.55,0
7/21/19,20,LA PAZ,4565.24,4537.83,27.41,0
7/21/19,21,LA PAZ,4844.98,4814.68,30.31,0
7/21/19,22,LA PAZ,5148.38,5105.41,42.97,0
7/21/19,23,LA PAZ,5278.34,5226.16,52.18,0
7/21/19,24,LA PAZ,5154.8,5104.21,50.59,0
7/21/19,1,LOS CABOS,4687.82,4505.7,182.12,0
7/21/19,2,LOS CABOS,4391.98,4219.96,172.02,0
7/21/19,3,LOS CABOS,4555.9,4392.94,162.95,0
7/21/19,4,LOS CABOS,4362.25,4201.26,160.99,0
7/21/19,5,LOS CABOS,4376.47,4213.51,162.96,0
7/21/19,6,LOS CABOS,4123.53,3967.82,155.71,0
7/21/19,7,LOS CABOS,3888.54,3741.19,147.35,0
7/21/19,8,LOS CABOS,2584.85,2488.61,96.24,0
7/21/19,9,LOS CABOS,2583.43,2482.62,100.81,0
7/21/19,10,LOS CABOS,2642.02,2533.83,108.19,0
7/21/19,11,LOS CABOS,2620.97,2510.2,110.77,0
7/21/19,12,LOS CABOS,2590.63,2480.19,110.45,0
7/21/19,13,LOS CABOS,2599.01,2486.65,112.35,0
7/21/19,14,LOS CABOS,3975.84,3799.46,176.38,0
7/21/19,15,LOS CABOS,4271.89,4082.85,189.05,0
7/21/19,16,LOS CABOS,4732.59,4551.53,181.06,0
7/21/19,17,LOS CABOS,4669.18,4486.31,182.87,0
7/21/19,18,LOS CABOS,4398.31,4208.95,189.37,0
7/21/19,19,LOS CABOS,4612.98,4424.62,188.36,0
7/21/19,20,LOS CABOS,4717.74,4537.83,179.91,0
7/21/19,21,LOS CABOS,4989.63,4814.68,174.95,0
7/21/19,22,LOS CABOS,5281.01,5105.41,175.6,0
7/21/19,23,LOS CABOS,5397.11,5226.16,170.95,0
7/21/19,24,LOS CABOS,5269.12,5104.21,164.91,0
7/22/19,1,CONSTITUCION,4836.69,5031.87,-195.19,0
7/22/19,2,CONSTITUCION,4631.14,4825.59,-194.45,0
7/22/19,3,CONSTITUCION,4979.56,4936.98,42.58,0
7/22/19,4,CONSTITUCION,4781.04,4754.36,26.68,0
7/22/19,5,CONSTITUCION,4573.61,4575.26,-1.65,0
7/22/19,6,CONSTITUCION,4197.65,4212.92,-15.27,0
7/22/19,7,CONSTITUCION,4179.52,4199.97,-20.45,0
7/22/19,8,CONSTITUCION,3956.28,3974.82,-18.54,0
7/22/19,9,CONSTITUCION,4248.01,4209.67,38.35,0
7/22/19,10,CONSTITUCION,4542.31,4487.88,54.43,0
7/22/19,11,CONSTITUCION,4118.99,4249.92,-130.93,0
7/22/19,12,CONSTITUCION,4026.08,4157.94,-131.86,0
7/22/19,13,CONSTITUCION,4024.45,4152.73,-128.27,0
7/22/19,14,CONSTITUCION,4433.86,4551.27,-117.42,0
7/22/19,15,CONSTITUCION,4660.46,4729.48,-69.02,0
7/22/19,16,CONSTITUCION,10808.23,10495.83,312.4,0
7/22/19,17,CONSTITUCION,9549.61,9248.12,301.49,0
7/22/19,18,CONSTITUCION,9631.5,9336.27,295.23,0
7/22/19,19,CONSTITUCION,4629.22,4709.8,-80.58,0
7/22/19,20,CONSTITUCION,4530.79,4655.68,-124.9,0
7/22/19,21,CONSTITUCION,4660.94,4797.23,-136.29,0
7/22/19,22,CONSTITUCION,8881.29,8673.68,207.62,0
7/22/19,23,CONSTITUCION,9818.26,9581.38,236.88,0
7/22/19,24,CONSTITUCION,9001.56,8765.63,235.93,0
7/22/19,1,LA PAZ,5078.06,5031.87,46.19,0
7/22/19,2,LA PAZ,4864.22,4825.59,38.63,0
7/22/19,3,LA PAZ,4984.84,4936.98,47.86,0
7/22/19,4,LA PAZ,4793.48,4754.36,39.12,0
7/22/19,5,LA PAZ,4605.05,4575.26,29.79,0
7/22/19,6,LA PAZ,4237.96,4212.92,25.05,0
7/22/19,7,LA PAZ,4224.57,4199.97,24.6,0
7/22/19,8,LA PAZ,3993.94,3974.82,19.11,0
7/22/19,9,LA PAZ,4229.17,4209.67,19.51,0
7/22/19,10,LA PAZ,4513.41,4487.88,25.53,0
7/22/19,11,LA PAZ,4263.4,4249.92,13.49,0
7/22/19,12,LA PAZ,4170.8,4157.94,12.86,0
7/22/19,13,LA PAZ,4167.74,4152.73,15.02,0
7/22/19,14,LA PAZ,4575.86,4551.27,24.59,0
7/22/19,15,LA PAZ,4763.44,4729.48,33.96,0
7/22/19,16,LA PAZ,10645.42,10495.83,149.59,0
7/22/19,17,LA PAZ,9363.09,9248.12,114.97,0
7/22/19,18,LA PAZ,9460.72,9336.27,124.45,0
7/22/19,19,LA PAZ,4752.48,4709.8,42.68,0
7/22/19,20,LA PAZ,4692.1,4655.68,36.42,0
7/22/19,21,LA PAZ,4838.31,4797.23,41.08,0
7/22/19,22,LA PAZ,8795.54,8673.68,121.86,0
7/22/19,23,LA PAZ,9725.61,9581.38,144.23,0
7/22/19,24,LA PAZ,8898.15,8765.63,132.52,0
7/22/19,1,LOS CABOS,5195.49,5031.88,163.62,0
7/22/19,2,LOS CABOS,4986.15,4825.59,160.57,0
7/22/19,3,LOS CABOS,5080.88,4936.98,143.9,0
7/22/19,4,LOS CABOS,4900.83,4754.36,146.48,0
7/22/19,5,LOS CABOS,4725.28,4575.26,150.02,0
7/22/19,6,LOS CABOS,4368.63,4212.92,155.71,0
7/22/19,7,LOS CABOS,4354.99,4199.97,155.02,0
7/22/19,8,LOS CABOS,4124.63,3974.82,149.81,0
7/22/19,9,LOS CABOS,4380.97,4209.67,171.3,0
7/22/19,10,LOS CABOS,4677.33,4487.88,189.45,0
7/22/19,11,LOS CABOS,4452.29,4249.92,202.38,0
7/22/19,12,LOS CABOS,4361.86,4157.94,203.92,0
7/22/19,13,LOS CABOS,4356.62,4152.73,203.9,0
7/22/19,14,LOS CABOS,4767.82,4551.27,216.55,0
7/22/19,15,LOS CABOS,4951.11,4729.48,221.62,0
7/22/19,16,LOS CABOS,10831.77,10495.83,335.94,0
7/22/19,17,LOS CABOS,9558.96,9248.12,310.84,0
7/22/19,18,LOS CABOS,9639.85,9336.27,303.58,0
7/22/19,19,LOS CABOS,4900.7,4709.8,190.89,0
7/22/19,20,LOS CABOS,4842.12,4655.68,186.44,0
7/22/19,21,LOS CABOS,4987.89,4797.23,190.65,0
7/22/19,22,LOS CABOS,8945.09,8673.68,271.42,0
7/22/19,23,LOS CABOS,9874.35,9581.38,292.97,0
7/22/19,24,LOS CABOS,9030.63,8765.63,265,0
7/23/19,1,CONSTITUCION,4709.66,4804.75,-95.09,0
7/23/19,2,CONSTITUCION,4363.67,4477.73,-114.05,0
7/23/19,3,CONSTITUCION,4844.07,4741.27,102.8,0
7/23/19,4,CONSTITUCION,4648.74,4578.52,70.22,0
7/23/19,5,CONSTITUCION,4310.87,4276.42,34.44,0
7/23/19,6,CONSTITUCION,4327.42,4311.83,15.59,0
7/23/19,7,CONSTITUCION,4245,4243,1.99,0
7/23/19,8,CONSTITUCION,4240.8,4237.23,3.57,0
7/23/19,9,CONSTITUCION,4658.24,4606.16,52.08,0
7/23/19,10,CONSTITUCION,4908.37,4834.88,73.49,0
7/23/19,11,CONSTITUCION,4452.05,4596.71,-144.66,0
7/23/19,12,CONSTITUCION,4505.41,4629.64,-124.24,0
7/23/19,13,CONSTITUCION,4770.69,4867.02,-96.33,0
7/23/19,14,CONSTITUCION,11041.22,10789.06,252.15,0
7/23/19,15,CONSTITUCION,10257.41,9932.3,325.11,0
7/23/19,16,CONSTITUCION,10383.94,9743.19,640.75,0
7/23/19,17,CONSTITUCION,10350.06,9710.72,639.34,0
7/23/19,18,CONSTITUCION,10838.88,10190.3,648.59,0
7/23/19,19,CONSTITUCION,10759.12,10164.95,594.17,0
7/23/19,20,CONSTITUCION,10406.39,9958.14,448.25,0
7/23/19,21,CONSTITUCION,10524.76,10056.12,468.64,0
7/23/19,22,CONSTITUCION,10511.86,9960.02,551.85,0
7/23/19,23,CONSTITUCION,11323.24,10680.51,642.72,0
7/23/19,24,CONSTITUCION,10897.49,10289.38,608.11,0
7/23/19,1,LA PAZ,4853.33,4804.75,48.58,0
7/23/19,2,LA PAZ,4513.99,4477.73,36.26,0
7/23/19,3,LA PAZ,4792.64,4741.27,51.36,0
7/23/19,4,LA PAZ,4620.02,4578.52,41.5,0
7/23/19,5,LA PAZ,4306.51,4276.42,30.09,0
7/23/19,6,LA PAZ,4336.56,4311.83,24.72,0
7/23/19,7,LA PAZ,4262.99,4243,19.99,0
7/23/19,8,LA PAZ,4253.06,4237.23,15.83,0
7/23/19,9,LA PAZ,4638.84,4606.16,32.68,0
7/23/19,10,LA PAZ,4870.06,4834.88,35.18,0
7/23/19,11,LA PAZ,4613.79,4596.71,17.08,0
7/23/19,12,LA PAZ,4652.61,4629.64,22.97,0
7/23/19,13,LA PAZ,4906.45,4867.02,39.43,0
7/23/19,14,LA PAZ,10928.95,10789.06,139.89,0
7/23/19,15,LA PAZ,10035.19,9932.3,102.89,0
7/23/19,16,LA PAZ,9865.49,9743.19,122.3,0
7/23/19,17,LA PAZ,9841.66,9710.72,130.94,0
7/23/19,18,LA PAZ,10338.97,10190.3,148.67,0
7/23/19,19,LA PAZ,10308.6,10164.95,143.65,0
7/23/19,20,LA PAZ,10087.56,9958.14,129.42,0
7/23/19,21,LA PAZ,10195.67,10056.12,139.55,0
7/23/19,22,LA PAZ,10123.68,9960.02,163.66,0
7/23/19,23,LA PAZ,10878.59,10680.52,198.07,0
7/23/19,24,LA PAZ,10476.21,10289.38,186.83,0
7/23/19,1,LOS CABOS,4985.39,4804.75,180.64,0
7/23/19,2,LOS CABOS,4655.17,4477.73,177.44,0
7/23/19,3,LOS CABOS,4902.43,4741.27,161.15,0
7/23/19,4,LOS CABOS,4744.18,4578.52,165.65,0
7/23/19,5,LOS CABOS,4441.33,4276.42,164.91,0
7/23/19,6,LOS CABOS,4484.41,4311.83,172.58,0
7/23/19,7,LOS CABOS,4415.45,4243,172.45,0
7/23/19,8,LOS CABOS,4408.85,4237.23,171.61,0
7/23/19,9,LOS CABOS,4781.96,4606.16,175.8,0
7/23/19,10,LOS CABOS,5016.87,4834.89,181.99,0
7/23/19,11,LOS CABOS,4798.21,4596.71,201.5,0
7/23/19,12,LOS CABOS,4829.5,4629.64,199.86,0
7/23/19,13,LOS CABOS,5049.5,4867.02,182.48,0
7/23/19,14,LOS CABOS,11068.13,10789.07,279.07,0
7/23/19,15,LOS CABOS,10208.39,9932.3,276.09,0
7/23/19,16,LOS CABOS,10042.6,9743.19,299.41,0
7/23/19,17,LOS CABOS,10017.16,9710.72,306.44,0
7/23/19,18,LOS CABOS,10489.81,10190.3,299.52,0
7/23/19,19,LOS CABOS,10456.59,10164.95,291.63,0
7/23/19,20,LOS CABOS,10239.43,9958.14,281.3,0
7/23/19,21,LOS CABOS,10349.05,10056.12,292.93,0
7/23/19,22,LOS CABOS,10269.51,9960.02,309.49,0
7/23/19,23,LOS CABOS,10977.53,10680.51,297.02,0
7/23/19,24,LOS CABOS,10576.99,10289.38,287.61,0
7/24/19,1,CONSTITUCION,5531.41,5250.73,280.69,0
7/24/19,2,CONSTITUCION,5242.64,5010.3,232.34,0
7/24/19,3,CONSTITUCION,5666.17,5216.97,449.2,0
7/24/19,4,CONSTITUCION,5311.16,4921.94,389.21,0
7/24/19,5,CONSTITUCION,5179.9,4838.8,341.1,0
7/24/19,6,CONSTITUCION,5271.16,4884.83,386.32,0
7/24/19,7,CONSTITUCION,5136.44,4771.94,364.5,0
7/24/19,8,CONSTITUCION,5004.76,4650.26,354.5,0
7/24/19,9,CONSTITUCION,4402.27,4274.21,128.06,0
7/24/19,10,CONSTITUCION,4548.79,4391,157.79,0
7/24/19,11,CONSTITUCION,4559.87,4400.93,158.95,0
7/24/19,12,CONSTITUCION,4632.98,4467.93,165.05,0
7/24/19,13,CONSTITUCION,4532.66,4346.84,185.82,0
7/24/19,14,CONSTITUCION,4789.32,4562.24,227.08,0
7/24/19,15,CONSTITUCION,5110.94,4826.43,284.52,0
7/24/19,16,CONSTITUCION,9736.77,9265.1,471.68,0
7/24/19,17,CONSTITUCION,10322.66,9904.35,418.31,0
7/24/19,18,CONSTITUCION,10370.75,9809.03,561.72,0
7/24/19,19,CONSTITUCION,10153.32,9636.3,517.02,0
7/24/19,20,CONSTITUCION,9883.57,9460.49,423.09,0
7/24/19,21,CONSTITUCION,5278.9,5189.77,89.13,0
7/24/19,22,CONSTITUCION,5029.83,5121.19,-91.36,0
7/24/19,23,CONSTITUCION,5090.3,5177.07,-86.77,0
7/24/19,24,CONSTITUCION,5032.47,5103.23,-70.77,0
7/24/19,1,LA PAZ,5338.48,5250.73,87.75,0
7/24/19,2,LA PAZ,5087.61,5010.3,77.31,0
7/24/19,3,LA PAZ,5308.12,5216.97,91.15,0
7/24/19,4,LA PAZ,5002.02,4921.94,80.07,0
7/24/19,5,LA PAZ,4913.19,4838.8,74.4,0
7/24/19,6,LA PAZ,4958.77,4884.83,73.93,0
7/24/19,7,LA PAZ,4839.72,4771.94,67.78,0
7/24/19,8,LA PAZ,4711.98,4650.26,61.72,0
7/24/19,9,LA PAZ,4316.5,4274.21,42.28,0
7/24/19,10,LA PAZ,4438.16,4391,47.16,0
7/24/19,11,LA PAZ,4448.87,4400.93,47.94,0
7/24/19,12,LA PAZ,4519.39,4467.93,51.45,0
7/24/19,13,LA PAZ,4404.26,4346.84,57.42,0
7/24/19,14,LA PAZ,4631.4,4562.24,69.16,0
7/24/19,15,LA PAZ,4909.75,4826.43,83.32,0
7/24/19,16,LA PAZ,9444.81,9265.09,179.71,0
7/24/19,17,LA PAZ,10078.42,9904.35,174.07,0
7/24/19,18,LA PAZ,9991.6,9809.03,182.57,0
7/24/19,19,LA PAZ,9804.19,9636.3,167.89,0
7/24/19,20,LA PAZ,9614.66,9460.49,154.17,0
7/24/19,21,LA PAZ,5266.94,5189.77,77.17,0
7/24/19,22,LA PAZ,5191.92,5121.19,70.73,0
7/24/19,23,LA PAZ,5251.31,5177.07,74.25,0
7/24/19,24,LA PAZ,5176.19,5103.23,72.96,0
7/24/19,1,LOS CABOS,5404.66,5250.73,153.93,0
7/24/19,2,LOS CABOS,5161.85,5010.3,151.55,0
7/24/19,3,LOS CABOS,5352.72,5216.97,135.75,0
7/24/19,4,LOS CABOS,5055.22,4921.94,133.28,0
7/24/19,5,LOS CABOS,4975.23,4838.8,136.43,0
7/24/19,6,LOS CABOS,5024.74,4884.83,139.91,0
7/24/19,7,LOS CABOS,4918.77,4771.94,146.83,0
7/24/19,8,LOS CABOS,4802.09,4650.26,151.83,0
7/24/19,9,LOS CABOS,4449.68,4274.21,175.46,0
7/24/19,10,LOS CABOS,4582.72,4391,191.72,0
7/24/19,11,LOS CABOS,4603.78,4400.93,202.85,0
7/24/19,12,LOS CABOS,4673.56,4467.93,205.63,0
7/24/19,13,LOS CABOS,4546.1,4346.84,199.26,0
7/24/19,14,LOS CABOS,4760.36,4562.24,198.12,0
7/24/19,15,LOS CABOS,5025.76,4826.43,199.34,0
7/24/19,16,LOS CABOS,9590.66,9265.1,325.56,0
7/24/19,17,LOS CABOS,10244.52,9904.35,340.16,0
7/24/19,18,LOS CABOS,10129.5,9809.03,320.47,0
7/24/19,19,LOS CABOS,9960.28,9636.3,323.98,0
7/24/19,20,LOS CABOS,9772.12,9460.49,311.63,0
7/24/19,21,LOS CABOS,5378.09,5189.77,188.32,0
7/24/19,22,LOS CABOS,5325.55,5121.19,204.36,0
7/24/19,23,LOS CABOS,5382.62,5177.07,205.55,0
7/24/19,24,LOS CABOS,5301.9,5103.23,198.67,0
7/25/19,1,CONSTITUCION,4802.31,4887.53,-85.22,0
7/25/19,2,CONSTITUCION,4766.66,4876.44,-109.78,0
7/25/19,3,CONSTITUCION,4721.16,4871,-149.84,0
7/25/19,4,CONSTITUCION,4568.1,4745.89,-177.79,0
7/25/19,5,CONSTITUCION,4282.91,4471.55,-188.64,0
7/25/19,6,CONSTITUCION,5195.06,5036.05,159,0
7/25/19,7,CONSTITUCION,5089.6,4964.29,125.31,0
7/25/19,8,CONSTITUCION,5012.88,4900.54,112.34,0
7/25/19,9,CONSTITUCION,5047.38,4887.64,159.74,0
7/25/19,10,CONSTITUCION,5231.63,5046.88,184.74,0
7/25/19,11,CONSTITUCION,5184.2,4990.89,193.3,0
7/25/19,12,CONSTITUCION,5323.91,5104.48,219.44,0
7/25/19,13,CONSTITUCION,5001.19,4849.73,151.45,0
7/25/19,14,CONSTITUCION,4635.65,4550.22,85.43,0
7/25/19,15,CONSTITUCION,4444.38,4477.23,-32.85,0
7/25/19,16,CONSTITUCION,10178.67,9793.98,384.69,0
7/25/19,17,CONSTITUCION,5078.47,5079.75,-1.28,0
7/25/19,18,CONSTITUCION,5139.13,5143.58,-4.45,0
7/25/19,19,CONSTITUCION,8594.9,8402.74,192.16,0
7/25/19,20,CONSTITUCION,4945.27,5032.87,-87.6,0
7/25/19,21,CONSTITUCION,5023.12,5149.78,-126.66,0
7/25/19,22,CONSTITUCION,10400.2,10107.78,292.43,0
7/25/19,23,CONSTITUCION,10643.66,10346.78,296.87,0
7/25/19,24,CONSTITUCION,10352.71,10103.25,249.46,0
7/25/19,1,LA PAZ,4951.7,4887.53,64.17,0
7/25/19,2,LA PAZ,4931.5,4876.44,55.06,0
7/25/19,3,LA PAZ,4916.3,4871,45.3,0
7/25/19,4,LA PAZ,4781.16,4745.89,35.27,0
7/25/19,5,LA PAZ,4497.07,4471.55,25.52,0
7/25/19,6,LA PAZ,5092.41,5036.05,56.35,0
7/25/19,7,LA PAZ,5015.39,4964.29,51.1,0
7/25/19,8,LA PAZ,4946.68,4900.54,46.14,0
7/25/19,9,LA PAZ,4935.95,4887.64,48.31,0
7/25/19,10,LA PAZ,5099.75,5046.89,52.87,0
7/25/19,11,LA PAZ,5044.61,4990.89,53.72,0
7/25/19,12,LA PAZ,5164.41,5104.48,59.94,0
7/25/19,13,LA PAZ,4908.48,4849.73,58.74,0
7/25/19,14,LA PAZ,4605.61,4550.22,55.39,0
7/25/19,15,LA PAZ,4529.99,4477.23,52.76,0
7/25/19,16,LA PAZ,9972.78,9793.98,178.8,0
7/25/19,17,LA PAZ,5160.64,5079.75,80.89,0
7/25/19,18,LA PAZ,5229.46,5143.58,85.88,0
7/25/19,19,LA PAZ,8558.59,8402.74,155.84,0
7/25/19,20,LA PAZ,5107.54,5032.87,74.68,0
7/25/19,21,LA PAZ,5225.98,5149.78,76.2,0
7/25/19,22,LA PAZ,10303.07,10107.78,195.29,0
7/25/19,23,LA PAZ,10553.92,10346.78,207.14,0
7/25/19,24,LA PAZ,10303.6,10103.25,200.35,0
7/25/19,1,LOS CABOS,5079.72,4887.53,192.19,0
7/25/19,2,LOS CABOS,5056.61,4876.44,180.18,0
7/25/19,3,LOS CABOS,5040.05,4871,169.04,0
7/25/19,4,LOS CABOS,4919.57,4745.89,173.68,0
7/25/19,5,LOS CABOS,4643.02,4471.55,171.47,0
7/25/19,6,LOS CABOS,5183.35,5036.05,147.3,0
7/25/19,7,LOS CABOS,5116.2,4964.29,151.91,0
7/25/19,8,LOS CABOS,5054.81,4900.54,154.27,0
7/25/19,9,LOS CABOS,5046.11,4887.64,158.47,0
7/25/19,10,LOS CABOS,5219.29,5046.89,172.41,0
7/25/19,11,LOS CABOS,5176.24,4990.9,185.34,0
7/25/19,12,LOS CABOS,5296.25,5104.48,191.78,0
7/25/19,13,LOS CABOS,5050.7,4849.73,200.97,0
7/25/19,14,LOS CABOS,4761.58,4550.22,211.36,0
7/25/19,15,LOS CABOS,4694.21,4477.23,216.98,0
7/25/19,16,LOS CABOS,10143.65,9793.98,349.67,0
7/25/19,17,LOS CABOS,5294.95,5079.75,215.2,0
7/25/19,18,LOS CABOS,5355.06,5143.58,211.47,0
7/25/19,19,LOS CABOS,8679.9,8402.74,277.16,0
7/25/19,20,LOS CABOS,5222.47,5032.87,189.6,0
7/25/19,21,LOS CABOS,5344.95,5149.78,195.17,0
7/25/19,22,LOS CABOS,10424.11,10107.78,316.34,0
7/25/19,23,LOS CABOS,10666.1,10346.78,319.31,0
7/25/19,24,LOS CABOS,10411.71,10103.25,308.46,0
7/26/19,1,CONSTITUCION,4946.87,5025.46,-78.59,0
7/26/19,2,CONSTITUCION,4654.43,4752.31,-97.88,0
7/26/19,3,CONSTITUCION,5147.65,4997.27,150.38,0
7/26/19,4,CONSTITUCION,4887.05,4799.05,87.99,0
7/26/19,5,CONSTITUCION,4535.92,4480.95,54.97,0
7/26/19,6,CONSTITUCION,4434.96,4389.8,45.16,0
7/26/19,7,CONSTITUCION,4406.61,4400.59,6.02,0
7/26/19,8,CONSTITUCION,4300.49,4300.75,-0.26,0
7/26/19,9,CONSTITUCION,4507.14,4481.16,25.99,0
7/26/19,10,CONSTITUCION,4614.95,4570.16,44.78,0
7/26/19,11,CONSTITUCION,4781.97,4722.67,59.29,0
7/26/19,12,CONSTITUCION,4367.86,4300.88,66.98,0
7/26/19,13,CONSTITUCION,4654.74,4550.89,103.86,0
7/26/19,14,CONSTITUCION,4917.95,4773.47,144.49,0
7/26/19,15,CONSTITUCION,9463.6,9001.56,462.04,0
7/26/19,16,CONSTITUCION,10242.75,9750.55,492.2,0
7/26/19,17,CONSTITUCION,10811.09,10319.82,491.27,0
7/26/19,18,CONSTITUCION,10984.16,10677.4,306.76,0
7/26/19,19,CONSTITUCION,10976.57,10704.84,271.73,0
7/26/19,20,CONSTITUCION,10861.93,10578.97,282.96,0
7/26/19,21,CONSTITUCION,10831.57,10530.1,301.47,0
7/26/19,22,CONSTITUCION,10900.68,10600.53,300.15,0
7/26/19,23,CONSTITUCION,10630.27,10323.66,306.62,0
7/26/19,24,CONSTITUCION,10484.44,10088.19,396.26,0
7/26/19,1,LA PAZ,5105.09,5025.46,79.64,0
7/26/19,2,LA PAZ,4820.85,4752.31,68.54,0
7/26/19,3,LA PAZ,5081.37,4997.28,84.1,0
7/26/19,4,LA PAZ,4868.19,4799.05,69.14,0
7/26/19,5,LA PAZ,4537.07,4480.95,56.11,0
7/26/19,6,LA PAZ,4440.37,4389.8,50.57,0
7/26/19,7,LA PAZ,4442.86,4400.59,42.26,0
7/26/19,8,LA PAZ,4336.92,4300.75,36.16,0
7/26/19,9,LA PAZ,4522.91,4481.16,41.75,0
7/26/19,10,LA PAZ,4615.06,4570.16,44.9,0
7/26/19,11,LA PAZ,4772.39,4722.67,49.72,0
7/26/19,12,LA PAZ,4349.32,4300.88,48.44,0
7/26/19,13,LA PAZ,4609.45,4550.89,58.56,0
7/26/19,14,LA PAZ,4845.78,4773.47,72.31,0
7/26/19,15,LA PAZ,9170.88,9001.56,169.32,0
7/26/19,16,LA PAZ,9942.99,9750.55,192.44,0
7/26/19,17,LA PAZ,10536.41,10319.82,216.59,0
7/26/19,18,LA PAZ,10901.05,10677.4,223.66,0
7/26/19,19,LA PAZ,10922.43,10704.84,217.59,0
7/26/19,20,LA PAZ,10782.05,10578.97,203.08,0
7/26/19,21,LA PAZ,10727.43,10530.1,197.33,0
7/26/19,22,LA PAZ,10798.87,10600.53,198.34,0
7/26/19,23,LA PAZ,10517.11,10323.66,193.45,0
7/26/19,24,LA PAZ,10297.34,10088.19,209.15,0
7/26/19,1,LOS CABOS,5206,5025.46,180.54,0
7/26/19,2,LOS CABOS,4929.58,4752.31,177.27,0
7/26/19,3,LOS CABOS,5157.42,4997.27,160.14,0
7/26/19,4,LOS CABOS,4966.55,4799.05,167.5,0
7/26/19,5,LOS CABOS,4646.44,4480.95,165.48,0
7/26/19,6,LOS CABOS,4556.73,4389.8,166.93,0
7/26/19,7,LOS CABOS,4580.54,4400.59,179.95,0
7/26/19,8,LOS CABOS,4482.59,4300.75,181.84,0
7/26/19,9,LOS CABOS,4674.92,4481.16,193.76,0
7/26/19,10,LOS CABOS,4779.15,4570.16,208.98,0
7/26/19,11,LOS CABOS,4946.33,4722.67,223.65,0
7/26/19,12,LOS CABOS,4505.06,4300.88,204.18,0
7/26/19,13,LOS CABOS,4760.36,4550.89,209.47,0
7/26/19,14,LOS CABOS,4979.09,4773.47,205.62,0
7/26/19,15,LOS CABOS,9338.7,9001.56,337.14,0
7/26/19,16,LOS CABOS,10113.58,9750.55,363.03,0
7/26/19,17,LOS CABOS,10682.13,10319.82,362.31,0
7/26/19,18,LOS CABOS,11039.83,10677.4,362.43,0
7/26/19,19,LOS CABOS,11063.46,10704.84,358.62,0
7/26/19,20,LOS CABOS,10903.39,10578.97,324.42,0
7/26/19,21,LOS CABOS,10856.52,10530.1,326.41,0
7/26/19,22,LOS CABOS,10937.94,10600.53,337.4,0
7/26/19,23,LOS CABOS,10640.2,10323.66,316.54,0
7/26/19,24,LOS CABOS,10384.63,10088.19,296.45,0
7/27/19,1,CONSTITUCION,10529.04,10134.2,394.84,0
7/27/19,2,CONSTITUCION,10086.31,9691.52,394.79,0
7/27/19,3,CONSTITUCION,8220.02,7925.02,295,0
7/27/19,4,CONSTITUCION,4904.48,4832.19,72.3,0
7/27/19,5,CONSTITUCION,4736.23,4695.01,41.23,0
7/27/19,6,CONSTITUCION,4434.48,4419.9,14.59,0
7/27/19,7,CONSTITUCION,3920.61,3936.16,-15.55,0
7/27/19,8,CONSTITUCION,2633.61,2644.76,-11.15,0
7/27/19,9,CONSTITUCION,4084.09,4083.34,0.75,0
7/27/19,10,CONSTITUCION,3888.3,3872.26,16.05,0
7/27/19,11,CONSTITUCION,4076.72,4049.91,26.81,0
7/27/19,12,CONSTITUCION,4657.1,4613.03,44.07,0
7/27/19,13,CONSTITUCION,4518.07,4448.84,69.23,0
7/27/19,14,CONSTITUCION,4839.99,4712.77,127.22,0
7/27/19,15,CONSTITUCION,4920.35,4754.68,165.67,0
7/27/19,16,CONSTITUCION,5051.91,4851.87,200.04,0
7/27/19,17,CONSTITUCION,4991.74,4789.25,202.49,0
7/27/19,18,CONSTITUCION,4991.86,4789.53,202.34,0
7/27/19,19,CONSTITUCION,5226.5,5050.3,176.2,0
7/27/19,20,CONSTITUCION,5008.19,4892.37,115.81,0
7/27/19,21,CONSTITUCION,5048.93,4953.35,95.58,0
7/27/19,22,CONSTITUCION,5250.68,5115.78,134.9,0
7/27/19,23,CONSTITUCION,5221.81,5070.36,151.45,0
7/27/19,24,CONSTITUCION,5259.49,5099.58,159.91,0
7/27/19,1,LA PAZ,10339.7,10134.2,205.51,0
7/27/19,2,LA PAZ,9883.66,9691.52,192.14,0
7/27/19,3,LA PAZ,8071.17,7925.02,146.15,0
7/27/19,4,LA PAZ,4907.75,4832.19,75.57,0
7/27/19,5,LA PAZ,4759.52,4695.01,64.51,0
7/27/19,6,LA PAZ,4462.64,4419.9,42.74,0
7/27/19,7,LA PAZ,3962.89,3936.16,26.72,0
7/27/19,8,LA PAZ,2661.16,2644.76,16.4,0
7/27/19,9,LA PAZ,4107.35,4083.34,24.01,0
7/27/19,10,LA PAZ,3887.52,3872.26,15.27,0
7/27/19,11,LA PAZ,4067.41,4049.91,17.49,0
7/27/19,12,LA PAZ,4643.42,4613.03,30.39,0
7/27/19,13,LA PAZ,4483.23,4448.84,34.39,0
7/27/19,14,LA PAZ,4758.78,4712.77,46.02,0
7/27/19,15,LA PAZ,4815.69,4754.68,61.01,0
7/27/19,16,LA PAZ,4924.59,4851.87,72.72,0
7/27/19,17,LA PAZ,4862.26,4789.25,73.02,0
7/27/19,18,LA PAZ,4862.3,4789.52,72.77,0
7/27/19,19,LA PAZ,5127.36,5050.3,77.06,0
7/27/19,20,LA PAZ,4959.4,4892.38,67.03,0
7/27/19,21,LA PAZ,5020.85,4953.35,67.5,0
7/27/19,22,LA PAZ,5188.99,5115.78,73.21,0
7/27/19,23,LA PAZ,5145.4,5070.36,75.03,0
7/27/19,24,LA PAZ,5176.15,5099.58,76.57,0
7/27/19,1,LOS CABOS,10440.7,10134.2,306.51,0
7/27/19,2,LOS CABOS,9978.76,9691.52,287.24,0
7/27/19,3,LOS CABOS,8166.19,7925.02,241.17,0
7/27/19,4,LOS CABOS,4995.27,4832.19,163.08,0
7/27/19,5,LOS CABOS,4864.18,4695.01,169.17,0
7/27/19,6,LOS CABOS,4606.08,4419.9,186.18,0
7/27/19,7,LOS CABOS,4110.3,3936.16,174.14,0
7/27/19,8,LOS CABOS,2762.06,2644.76,117.31,0
7/27/19,9,LOS CABOS,4273.98,4083.34,190.64,0
7/27/19,10,LOS CABOS,4071.05,3872.26,198.79,0
7/27/19,11,LOS CABOS,4269.45,4049.92,219.54,0
7/27/19,12,LOS CABOS,4850.83,4613.03,237.8,0
7/27/19,13,LOS CABOS,4685.78,4448.84,236.94,0
7/27/19,14,LOS CABOS,4953.38,4712.77,240.62,0
7/27/19,15,LOS CABOS,4969.45,4754.68,214.76,0
7/27/19,16,LOS CABOS,5057.93,4851.87,206.06,0
7/27/19,17,LOS CABOS,4997.91,4789.25,208.67,0
7/27/19,18,LOS CABOS,4998.62,4789.53,209.09,0
7/27/19,19,LOS CABOS,5249.09,5050.3,198.79,0
7/27/19,20,LOS CABOS,5084.38,4892.38,192,0
7/27/19,21,LOS CABOS,5150.11,4953.35,196.76,0
7/27/19,22,LOS CABOS,5316.17,5115.78,200.39,0
7/27/19,23,LOS CABOS,5265.51,5070.37,195.14,0
7/27/19,24,LOS CABOS,5294.04,5099.58,194.46,0
7/28/19,1,CONSTITUCION,4996.28,4859.99,136.29,0
7/28/19,2,CONSTITUCION,5026.93,4905.94,121,0
7/28/19,3,CONSTITUCION,4989.66,4885.53,104.13,0
7/28/19,4,CONSTITUCION,4997.52,4847.58,149.93,0
7/28/19,5,CONSTITUCION,4612.35,4501.72,110.63,0
7/28/19,6,CONSTITUCION,4675.26,4577.16,98.11,0
7/28/19,7,CONSTITUCION,4403.44,4337.11,66.33,0
7/28/19,8,CONSTITUCION,2628.05,2610.84,17.21,0
7/28/19,9,CONSTITUCION,4068.38,4017.27,51.12,0
7/28/19,10,CONSTITUCION,4115.77,4072.41,43.37,0
7/28/19,11,CONSTITUCION,3998.07,3958.59,39.48,0
7/28/19,12,CONSTITUCION,4001.18,3957.26,43.91,0
7/28/19,13,CONSTITUCION,4174.73,4114,60.73,0
7/28/19,14,CONSTITUCION,3895.51,3870.41,25.1,0
7/28/19,15,CONSTITUCION,4870.59,4681.79,188.8,0
7/28/19,16,CONSTITUCION,5084.67,4775.94,308.73,0
7/28/19,17,CONSTITUCION,5248.51,4945.21,303.3,0
7/28/19,18,CONSTITUCION,9185.6,8633.93,551.67,0
7/28/19,19,CONSTITUCION,9610.26,9063.34,546.92,0
7/28/19,20,CONSTITUCION,8270.21,7942.19,328.02,0
7/28/19,21,CONSTITUCION,4855.81,4836.21,19.61,0
7/28/19,22,CONSTITUCION,5268.57,5190.96,77.61,0
7/28/19,23,CONSTITUCION,5322.49,5241.18,81.32,0
7/28/19,24,CONSTITUCION,8618.7,8350.79,267.91,0
7/28/19,1,LA PAZ,4930.39,4859.99,70.39,0
7/28/19,2,LA PAZ,4983.06,4905.94,77.12,0
7/28/19,3,LA PAZ,4956.9,4885.53,71.36,0
7/28/19,4,LA PAZ,4919.21,4847.58,71.62,0
7/28/19,5,LA PAZ,4559.1,4501.72,57.38,0
7/28/19,6,LA PAZ,4636.44,4577.16,59.28,0
7/28/19,7,LA PAZ,4387.92,4337.11,50.8,0
7/28/19,8,LA PAZ,2631.66,2610.84,20.82,0
7/28/19,9,LA PAZ,4046.19,4017.27,28.93,0
7/28/19,10,LA PAZ,4095.73,4072.41,23.33,0
7/28/19,11,LA PAZ,3979.93,3958.59,21.34,0
7/28/19,12,LA PAZ,3979.41,3957.27,22.14,0
7/28/19,13,LA PAZ,4140.99,4114,26.99,0
7/28/19,14,LA PAZ,3892.12,3870.41,21.71,0
7/28/19,15,LA PAZ,4728.91,4681.79,47.11,0
7/28/19,16,LA PAZ,4843.3,4775.94,67.36,0
7/28/19,17,LA PAZ,5017.99,4945.21,72.78,0
7/28/19,18,LA PAZ,8773.34,8633.93,139.4,0
7/28/19,19,LA PAZ,9209.43,9063.34,146.09,0
7/28/19,20,LA PAZ,8059.37,7942.19,117.18,0
7/28/19,21,LA PAZ,4893.12,4836.21,56.92,0
7/28/19,22,LA PAZ,5263.31,5190.96,72.35,0
7/28/19,23,LA PAZ,5319.45,5241.18,78.28,0
7/28/19,24,LA PAZ,8492.55,8350.79,141.76,0
7/28/19,1,LOS CABOS,5046.45,4859.99,186.46,0
7/28/19,2,LOS CABOS,5079.8,4905.94,173.86,0
7/28/19,3,LOS CABOS,5063.15,4885.53,177.62,0
7/28/19,4,LOS CABOS,5020.57,4847.58,172.98,0
7/28/19,5,LOS CABOS,4672.24,4501.72,170.52,0
7/28/19,6,LOS CABOS,4746.15,4577.16,169,0
7/28/19,7,LOS CABOS,4505.68,4337.11,168.57,0
7/28/19,8,LOS CABOS,2719.25,2610.84,108.41,0
7/28/19,9,LOS CABOS,4195.65,4017.27,178.38,0
7/28/19,10,LOS CABOS,4272.48,4072.41,200.08,0
7/28/19,11,LOS CABOS,4166.47,3958.59,207.88,0
7/28/19,12,LOS CABOS,4168.93,3957.27,211.66,0
7/28/19,13,LOS CABOS,4335.29,4114,221.29,0
7/28/19,14,LOS CABOS,4090.32,3870.41,219.91,0
7/28/19,15,LOS CABOS,4923.78,4681.79,241.99,0
7/28/19,16,LOS CABOS,4991.02,4775.94,215.08,0
7/28/19,17,LOS CABOS,5157.73,4945.21,212.53,0
7/28/19,18,LOS CABOS,8964.6,8633.94,330.66,0
7/28/19,19,LOS CABOS,9398.12,9063.34,334.77,0
7/28/19,20,LOS CABOS,8217.11,7942.19,274.91,0
7/28/19,21,LOS CABOS,5041.34,4836.2,205.14,0
7/28/19,22,LOS CABOS,5401.16,5190.96,210.2,0
7/28/19,23,LOS CABOS,5452.66,5241.18,211.49,0
7/28/19,24,LOS CABOS,8657.21,8350.79,306.42,0
7/29/19,1,CONSTITUCION,8563.06,8231.44,331.62,0
7/29/19,2,CONSTITUCION,5059.24,4978.94,80.3,0
7/29/19,3,CONSTITUCION,4975.86,4934.29,41.57,0
7/29/19,4,CONSTITUCION,4817.47,4801.66,15.81,0
7/29/19,5,CONSTITUCION,4428.18,4429.26,-1.08,0
7/29/19,6,CONSTITUCION,4259.94,4283.32,-23.38,0
7/29/19,7,CONSTITUCION,4259.76,4297.32,-37.56,0
7/29/19,8,CONSTITUCION,4115.12,4156.66,-41.54,0
7/29/19,9,CONSTITUCION,4245.95,4240.43,5.52,0
7/29/19,10,CONSTITUCION,4320.93,4289.59,31.34,0
7/29/19,11,CONSTITUCION,4352.82,4302.12,50.7,0
7/29/19,12,CONSTITUCION,4368.19,4289.15,79.05,0
7/29/19,13,CONSTITUCION,5306.18,5211.28,94.9,0
7/29/19,14,CONSTITUCION,10376.27,10002.23,374.04,0
7/29/19,15,CONSTITUCION,10805.14,10475.44,329.7,0
7/29/19,16,CONSTITUCION,11226.39,10902.34,324.05,0
7/29/19,17,CONSTITUCION,10843.25,10445.92,397.33,0
7/29/19,18,CONSTITUCION,10763.34,10376.42,386.92,0
7/29/19,19,CONSTITUCION,10764.07,10455.64,308.43,0
7/29/19,20,CONSTITUCION,10890.33,10667.5,222.83,0
7/29/19,21,CONSTITUCION,10768.38,10472.78,295.61,0
7/29/19,22,CONSTITUCION,10947.12,10703.07,244.05,0
7/29/19,23,CONSTITUCION,11291.53,11255.24,36.29,0
7/29/19,24,CONSTITUCION,9737.03,9502.73,234.29,0
7/29/19,1,LA PAZ,8373.37,8231.44,141.93,0
7/29/19,2,LA PAZ,5047.31,4978.94,68.36,0
7/29/19,3,LA PAZ,4990.18,4934.29,55.89,0
7/29/19,4,LA PAZ,4847.13,4801.66,45.47,0
7/29/19,5,LA PAZ,4464.74,4429.26,35.48,0
7/29/19,6,LA PAZ,4310.39,4283.33,27.07,0
7/29/19,7,LA PAZ,4328.09,4297.32,30.77,0
7/29/19,8,LA PAZ,4182.85,4156.66,26.19,0
7/29/19,9,LA PAZ,4262.08,4240.43,21.65,0
7/29/19,10,LA PAZ,4315.86,4289.59,26.27,0
7/29/19,11,LA PAZ,4332.82,4302.12,30.71,0
7/29/19,12,LA PAZ,4325.05,4289.15,35.9,0
7/29/19,13,LA PAZ,5257.72,5211.28,46.44,0
7/29/19,14,LA PAZ,10132.96,10002.23,130.73,0
7/29/19,15,LA PAZ,10615.58,10475.44,140.14,0
7/29/19,16,LA PAZ,11055.75,10902.34,153.41,0
7/29/19,17,LA PAZ,10617.17,10445.92,171.25,0
7/29/19,18,LA PAZ,10521.96,10376.42,145.54,0
7/29/19,19,LA PAZ,10616.48,10455.64,160.84,0
7/29/19,20,LA PAZ,10808.64,10667.5,141.14,0
7/29/19,21,LA PAZ,10623.61,10472.78,150.84,0
7/29/19,22,LA PAZ,10837.61,10703.07,134.54,0
7/29/19,23,LA PAZ,11400.65,11255.24,145.41,0
7/29/19,24,LA PAZ,9670,9502.74,167.26,0
7/29/19,1,LOS CABOS,8518.8,8231.44,287.36,0
7/29/19,2,LOS CABOS,5176.77,4978.94,197.83,0
7/29/19,3,LOS CABOS,5144.69,4934.29,210.4,0
7/29/19,4,LOS CABOS,5018.07,4801.66,216.41,0
7/29/19,5,LOS CABOS,4635.68,4429.26,206.42,0
7/29/19,6,LOS CABOS,4482.45,4283.33,199.13,0
7/29/19,7,LOS CABOS,4491.21,4297.32,193.89,0
7/29/19,8,LOS CABOS,4345.89,4156.66,189.24,0
7/29/19,9,LOS CABOS,4449.58,4240.43,209.15,0
7/29/19,10,LOS CABOS,4505.77,4289.59,216.18,0
7/29/19,11,LOS CABOS,4526.98,4302.12,224.86,0
7/29/19,12,LOS CABOS,4511.07,4289.15,221.93,0
7/29/19,13,LOS CABOS,5426.03,5211.28,214.75,0
7/29/19,14,LOS CABOS,10358.96,10002.23,356.73,0
7/29/19,15,LOS CABOS,10855,10475.44,379.56,0
7/29/19,16,LOS CABOS,11263.42,10902.34,361.08,0
7/29/19,17,LOS CABOS,10735.94,10445.92,290.02,0
7/29/19,18,LOS CABOS,10684.72,10376.42,308.3,0
7/29/19,19,LOS CABOS,10732.64,10455.64,277,0
7/29/19,20,LOS CABOS,10968.56,10667.5,301.06,0
7/29/19,21,LOS CABOS,10764.4,10472.78,291.62,0
7/29/19,22,LOS CABOS,11023.89,10703.07,320.82,0
7/29/19,23,LOS CABOS,11621.99,11255.24,366.75,0
7/29/19,24,LOS CABOS,9814.99,9502.73,312.26,0
7/30/19,1,CONSTITUCION,4837.51,4939.11,-101.6,0
7/30/19,2,CONSTITUCION,4690.42,4834.33,-143.91,0
7/30/19,3,CONSTITUCION,4504.57,4665.06,-160.48,0
7/30/19,4,CONSTITUCION,4667.25,4680.71,-13.46,0
7/30/19,5,CONSTITUCION,4280.57,4296.35,-15.78,0
7/30/19,6,CONSTITUCION,4261.95,4281.05,-19.09,0
7/30/19,7,CONSTITUCION,4342.29,4281.39,60.9,0
7/30/19,8,CONSTITUCION,4165.62,4192.02,-26.4,0
7/30/19,9,CONSTITUCION,4148.84,4150.82,-1.98,0
7/30/19,10,CONSTITUCION,4241.43,4211.08,30.35,0
7/30/19,11,CONSTITUCION,4257.92,4210.1,47.82,0
7/30/19,12,CONSTITUCION,4346.32,4286.82,59.5,0
7/30/19,13,CONSTITUCION,4471.31,4387.26,84.05,0
7/30/19,14,CONSTITUCION,4827.01,4705.12,121.9,0
7/30/19,15,CONSTITUCION,4556.08,4613.08,-57,0
7/30/19,16,CONSTITUCION,5161.44,5185.71,-24.27,0
7/30/19,17,CONSTITUCION,10376.35,9970.66,405.69,0
7/30/19,18,CONSTITUCION,11197.9,10859.98,337.92,0
7/30/19,19,CONSTITUCION,8494.74,8210.81,283.93,0
7/30/19,20,CONSTITUCION,4567.88,4703.36,-135.48,0
7/30/19,21,CONSTITUCION,4622.05,4761.24,-139.19,0
7/30/19,22,CONSTITUCION,10854.91,10598.02,256.89,0
7/30/19,23,CONSTITUCION,10995.25,10730.14,265.12,0
7/30/19,24,CONSTITUCION,10833.66,10551.25,282.41,0
7/30/19,1,LA PAZ,5004,4939.11,64.89,0
7/30/19,2,LA PAZ,4884.39,4834.33,50.06,0
7/30/19,3,LA PAZ,4703.65,4665.06,38.59,0
7/30/19,4,LA PAZ,4724.23,4680.71,43.52,0
7/30/19,5,LA PAZ,4330.73,4296.35,34.38,0
7/30/19,6,LA PAZ,4311.82,4281.05,30.77,0
7/30/19,7,LA PAZ,4312.6,4281.39,31.21,0
7/30/19,8,LA PAZ,4219.29,4192.02,27.27,0
7/30/19,9,LA PAZ,4180,4150.82,29.18,0
7/30/19,10,LA PAZ,4234.75,4211.08,23.67,0
7/30/19,11,LA PAZ,4236.03,4210.1,25.93,0
7/30/19,12,LA PAZ,4318.53,4286.82,31.71,0
7/30/19,13,LA PAZ,4425.35,4387.26,38.09,0
7/30/19,14,LA PAZ,4753.32,4705.12,48.2,0
7/30/19,15,LA PAZ,4659.56,4613.08,46.48,0
7/30/19,16,LA PAZ,5257.56,5185.71,71.85,0
7/30/19,17,LA PAZ,10149.53,9970.66,178.87,0
7/30/19,18,LA PAZ,11036.57,10859.98,176.6,0
7/30/19,19,LA PAZ,8355.05,8210.81,144.24,0
7/30/19,20,LA PAZ,4753.29,4703.36,49.93,0
7/30/19,21,LA PAZ,4810.44,4761.24,49.19,0
7/30/19,22,LA PAZ,10752.9,10598.02,154.87,0
7/30/19,23,LA PAZ,10895.78,10730.13,165.64,0
7/30/19,24,LA PAZ,10719.64,10551.26,168.39,0
7/30/19,1,LOS CABOS,5150.36,4939.11,211.26,0
7/30/19,2,LOS CABOS,5055.93,4834.33,221.6,0
7/30/19,3,LOS CABOS,4889.36,4665.06,224.31,0
7/30/19,4,LOS CABOS,4893.8,4680.71,213.09,0
7/30/19,5,LOS CABOS,4494.74,4296.35,198.39,0
7/30/19,6,LOS CABOS,4475.22,4281.05,194.18,0
7/30/19,7,LOS CABOS,4472.82,4281.39,191.43,0
7/30/19,8,LOS CABOS,4379.97,4192.02,187.94,0
7/30/19,9,LOS CABOS,4342.28,4150.82,191.46,0
7/30/19,10,LOS CABOS,4427.18,4211.08,216.1,0
7/30/19,11,LOS CABOS,4434.98,4210.1,224.88,0
7/30/19,12,LOS CABOS,4518.09,4286.82,231.27,0
7/30/19,13,LOS CABOS,4625.36,4387.26,238.1,0
7/30/19,14,LOS CABOS,4951.93,4705.12,246.81,0
7/30/19,15,LOS CABOS,4867,4613.08,253.92,0
7/30/19,16,LOS CABOS,5421.2,5185.71,235.49,0
7/30/19,17,LOS CABOS,10362.83,9970.66,392.17,0
7/30/19,18,LOS CABOS,11249.98,10859.98,390.01,0
7/30/19,19,LOS CABOS,8509.82,8210.81,299,0
7/30/19,20,LOS CABOS,4914.55,4703.36,211.19,0
7/30/19,21,LOS CABOS,4977.69,4761.24,216.44,0
7/30/19,22,LOS CABOS,10950.15,10598.02,352.12,0
7/30/19,23,LOS CABOS,11081.56,10730.13,351.42,0
7/30/19,24,LOS CABOS,10882.51,10551.26,331.25,0
7/31/19,1,CONSTITUCION,9315.82,9088.03,227.79,0
7/31/19,2,CONSTITUCION,5090.59,5250.71,-160.12,0
7/31/19,3,CONSTITUCION,4820.7,5000.59,-179.89,0
7/31/19,4,CONSTITUCION,4784.41,5002.26,-217.85,0
7/31/19,5,CONSTITUCION,4664.47,4907.29,-242.82,0
7/31/19,6,CONSTITUCION,4509.35,4762.9,-253.55,0
7/31/19,7,CONSTITUCION,4315.38,4564.04,-248.66,0
7/31/19,8,CONSTITUCION,4072.71,4302.31,-229.61,0
7/31/19,9,CONSTITUCION,4135.08,4369.35,-234.27,0
7/31/19,10,CONSTITUCION,4196.36,4438.54,-242.18,0
7/31/19,11,CONSTITUCION,4281.26,4524.61,-243.35,0
7/31/19,12,CONSTITUCION,4138.45,4340.44,-202,0
7/31/19,13,CONSTITUCION,4238.74,4443.03,-204.3,0
7/31/19,14,CONSTITUCION,4646.46,4827,-180.54,0
7/31/19,15,CONSTITUCION,4907.03,5046.51,-139.48,0
7/31/19,16,CONSTITUCION,5115.06,5246.51,-131.45,0
7/31/19,17,CONSTITUCION,10547.5,10282.79,264.71,0
7/31/19,18,CONSTITUCION,10323.22,10070.36,252.86,0
7/31/19,19,CONSTITUCION,11253.47,11059.19,194.28,0
7/31/19,20,CONSTITUCION,11282.11,11125.5,156.61,0
7/31/19,21,CONSTITUCION,11299.55,11151.14,148.42,0
7/31/19,22,CONSTITUCION,11940.35,11894.3,46.05,0
7/31/19,23,CONSTITUCION,11848.99,11929.08,-80.09,0
7/31/19,24,CONSTITUCION,11963.5,11986.12,-22.62,0
7/31/19,1,LA PAZ,9225.55,9088.03,137.52,0
7/31/19,2,LA PAZ,5299.95,5250.71,49.24,0
7/31/19,3,LA PAZ,5037.9,5000.59,37.32,0
7/31/19,4,LA PAZ,5026.41,5002.26,24.15,0
7/31/19,5,LA PAZ,4921.73,4907.29,14.44,0
7/31/19,6,LA PAZ,4771.02,4762.9,8.12,0
7/31/19,7,LA PAZ,4570.83,4564.04,6.79,0
7/31/19,8,LA PAZ,4303.85,4302.31,1.54,0
7/31/19,9,LA PAZ,4376.27,4369.35,6.92,0
7/31/19,10,LA PAZ,4445.7,4438.54,7.16,0
7/31/19,11,LA PAZ,4531.48,4524.61,6.87,0
7/31/19,12,LA PAZ,4353.77,4340.44,13.33,0
7/31/19,13,LA PAZ,4459.92,4443.03,16.89,0
7/31/19,14,LA PAZ,4858.13,4827,31.13,0
7/31/19,15,LA PAZ,5091.38,5046.51,44.87,0
7/31/19,16,LA PAZ,5299.47,5246.5,52.97,0
7/31/19,17,LA PAZ,10426.56,10282.79,143.78,0
7/31/19,18,LA PAZ,10213.13,10070.36,142.77,0
7/31/19,19,LA PAZ,11227.98,11059.19,168.79,0
7/31/19,20,LA PAZ,11291.48,11125.5,165.98,0
7/31/19,21,LA PAZ,11312.16,11151.14,161.02,0
7/31/19,22,LA PAZ,12061.31,11894.31,167,0
7/31/19,23,LA PAZ,12096.02,11929.08,166.94,0
7/31/19,24,LA PAZ,12157.21,11986.12,171.09,0
7/31/19,1,LOS CABOS,9373.33,9088.03,285.3,0
7/31/19,2,LOS CABOS,5435.24,5250.72,184.53,0
7/31/19,3,LOS CABOS,5182.72,5000.59,182.13,0
7/31/19,4,LOS CABOS,5200.99,5002.26,198.73,0
7/31/19,5,LOS CABOS,5112.55,4907.29,205.26,0
7/31/19,6,LOS CABOS,4968.52,4762.89,205.63,0
7/31/19,7,LOS CABOS,4765.4,4564.04,201.35,0
7/31/19,8,LOS CABOS,4497.97,4302.31,195.66,0
7/31/19,9,LOS CABOS,4565.71,4369.35,196.36,0
7/31/19,10,LOS CABOS,4643.4,4438.54,204.86,0
7/31/19,11,LOS CABOS,4742.88,4524.61,218.28,0
7/31/19,12,LOS CABOS,4548.81,4340.44,208.37,0
7/31/19,13,LOS CABOS,4659.22,4443.03,216.19,0
7/31/19,14,LOS CABOS,5047.81,4827,220.81,0
7/31/19,15,LOS CABOS,5263.06,5046.51,216.55,0
7/31/19,16,LOS CABOS,5465.62,5246.51,219.12,0
7/31/19,17,LOS CABOS,10642.99,10282.79,360.21,0
7/31/19,18,LOS CABOS,10419.73,10070.36,349.37,0
7/31/19,19,LOS CABOS,11388.52,11059.19,329.33,0
7/31/19,20,LOS CABOS,11421.2,11125.5,295.7,0
7/31/19,21,LOS CABOS,11460.64,11151.14,309.5,0
7/31/19,22,LOS CABOS,12248.92,11894.3,354.62,0
7/31/19,23,LOS CABOS,12290.42,11929.08,361.34,0
7/31/19,24,LOS CABOS,12341.04,11986.12,354.92,0